day,total_suggestions_count,total_acceptances_count,total_lines_suggested,total_lines_accepted,total_active_users,total_chat_acceptances,total_chat_turns,total_active_chat_users
2024-05-03,261,98,528,133,8,0,0,0
2024-05-04,80,43,254,104,4,0,0,0
2024-05-05,55,10,67,9,3,0,0,0
2024-05-06,502,109,974,140,11,0,3,1
2024-05-07,639,135,1964,245,9,0,0,0
2024-05-08,394,96,575,94,9,1,8,1
2024-05-09,416,72,1232,95,9,0,0,0
2024-05-10,107,21,212,31,8,0,0,0
2024-05-11,80,23,141,27,2,0,0,0
2024-05-12,101,34,146,37,5,0,0,0
2024-05-13,323,67,1545,73,8,0,0,0
2024-05-14,728,127,1190,130,10,0,0,0
2024-05-15,956,305,2739,508,12,0,0,0
2024-05-16,681,241,1670,389,8,0,0,0
2024-05-17,287,88,456,90,6,0,0,0
2024-05-18,387,105,683,92,4,0,0,0
2024-05-19,466,105,707,150,4,0,0,0
2024-05-20,596,162,1006,168,13,0,0,0
2024-05-21,322,78,786,106,10,1,8,1
2024-05-22,319,86,436,82,10,0,0,0
2024-05-24,215,53,309,63,6,0,2,1
2024-05-27,3,0,7,0,1,0,0,0
2024-05-28,345,46,475,46,7,1,1,1
2024-05-29,415,117,636,191,10,5,20,1
2024-05-30,400,90,644,182,11,1,7,1
